row_key,review_id,official_scenic_id,scenic_name,review_time,rating,review_text,llm_issue_tags,llm_reason,prompt_version
BJ20_10__182043226,182043226,BJ20_10,司马台长城,2024-05-29,1.0,不建议来，0分，来司马台玩没自由，处处被限制。五月份一下刷了四座长城，八达岭，慕田峪，居庸关和司马台，司马台是玩的最不爽但却是花钱最多的。长城被圈在古北口水镇里面，变成他们自己的了，车不能开进去，人也不能自己走进去，因为要穿水镇。从停车场需要坐摆渡船到长城售票处，摆渡车每人10元，实际也就1公里。长城售票处其实连水镇还没进，买完票需要再坐摆渡车到长城，注意这里摆渡车首班10点，且一个小时才一趟，也就是说，爬司马台只能在大中午顶着大太阳爬，来早了也根本进不去。回来的时候也是，如果错过上一趟摆渡车就要等一小时。再说长城，保安比游客多，几百米就一个，可怕吧，处处限制你，这不行那不行，每个敌楼里两保安，路上还有，正午爬的衣服湿了，四下就我和我朋友加两保安，我就把上衣脱了让风吹一下，速干的马上就能干，保安就不让，非让穿上，后面就很不愉快，这不是有病吗，我出来玩还有被管着！爬其他长城的时候，人比这多多了，到处都是光膀子的，也不见有人管，而且其他长城上也没保安，就司马台，你走到哪都感觉有只眼睛在盯这你。停车场按次收费25一次，计时的话10几块。从停车场到售票处再从售票处到长城，坐摆渡车往返一共40,service_process|queue_wait|crowding|staff_service,评论核心抱怨包括：1. 服务流程与组织衔接问题（摆渡车班次少、时间安排不合理导致只能中午爬）；2. 排队等待问题（错过摆渡车需等一小时）；3. 拥挤度问题（保安比游客多，感觉被监视）；4. 现场人员服务态度问题（保安强制要求穿衣服，引发不愉快）。,issue_only_v1
BJ20_10__159760949,159760949,BJ20_10,司马台长城,2019-07-16,3.0,首先说说司马长城：在购票中心买票时问了购票中心的职员，缆车票可以到坐缆车的点再购买，有学生票售，但到了坐缆车的点购票时说没学生票出售，迫于无奈，四个学生买了成人票，90元一张 ，（学生票45），再说说古镇，没什么好玩的，就是个人工小镇，门票140，性价比不高，再坑的是，下车时司机说最后一班车是十九点三十分，十九点到了停车场，见到一辆大巴停在停车场，兴冲冲的跑上车，被告知十九点三十分没车，要二十一点才发车，我们不信，在之前下车点等待车时，有个黑车司机不停游说：十九点三十分没车的，说那车在东直门拉不够客，不来这边了，想要我们坐他的黑车，价钱是原车费的两倍，还好我们不信他，等到十九点三十分有部原本停在傍边的中巴开来了，终于有车回北京城了。在这还要吐槽一下那中巴司机，看他一直跟那黑车司机拉拉扯扯的，像是一伙人，不到最后一刻，不肯把车开来，（那车早就停在傍边，但没挂到东直门的牌），购于了，又没给车票，这管理混乱的，没安全感，以后还会再去了。,ticket_price|traffic_access|staff_service|service_process,抱怨缆车学生票规则不一致导致多花钱、门票性价比低；交通大巴信息不准、疑似与黑车司机勾结、管理混乱不给车票；涉及价格、交通、服务态度和流程组织问题。,issue_only_v1
BJ20_15__185087645,185087645,BJ20_15,中国科学技术馆,2024-07-02,1.0,千万别定这个团！千万别定这个团！千万别定这个团！提前很多天购买的团，就是考虑预约一并预约主展厅并有讲解，可以不走马观花。结果当天去现场说没有预约，一个组好几家人都没有，有的一家约了1个人、2个人，全部在现场“干瞪眼”，解决办法就说给你看旁边的什么馆，不然就等着刷别人的退票，且不保证什么时候有。就很疑惑，票有问题不能提前哪怕一天告知一下吗？？？浪费一天时间，千里迢迢来旅游，浪费时间就轻飘飘一句抱歉。几家人在哪儿投诉无门！！！投诉无门！！投诉无门！！太恶劣了，携程也该好好审核和整顿下这些几转手的商品了！！ 再说馆内，假期人太多太多太多，很多设备在维修，除了走马观花瞅一眼，很多体验不了，想体验排队也很长，体验感很差。也看到很多专门带学生的旅行团，也是走马观花，假期来的意义真的太差。作为国家级的科技馆真的该改进改进了，相比免费的军博，同样预约难，但馆内服务、基础卫生和便民环境等等好太多太多,platform_transaction|crowding|queue_wait|facility_hygiene,前半部分核心抱怨在携程平台购买的团票预约失败且未提前通知，导致无法入园，属于平台履约问题；后半部分抱怨馆内假期人多拥挤、设备维修、体验排队长，涉及拥挤、排队等待和设施维护问题，并提及与军博对比的卫生和环境差距。,issue_only_v1
BJ20_15__167263206,167263206,BJ20_15,中国科学技术馆,2021-07-24,1.0,团队管理有问题，个人因为住在二环，怕迟到不想拖团队后腿，上午10点就领着孩子出发，到科技馆12点，几次问领队，就说这些都是1:10分团，因为早到所以在旁边找个位置休息，结果不到一点突然喊集合排队，后面来的直接全到了前面，到我们这就告知跟下个团，那下个岂不是又要等50人成团，领导还很横，说到1:10了吗？说你想早走上前面去啊？我试问前面谁会让，难道你们不按照顺序发号吗？不查人，不点人，不管前后来的顺序，只要冲到前面的就发麦，没冲上去的就的等，我们是来游玩的不是看你们脸色安排的，97块多一张票，得到的服务是很“特别”，我们可以不看了，但是你们作为你们自己所说的硕士博士就是如此安排团队的？让人大跌眼镜，真的对高学位有了重新的认识。携程为了赚钱对这样的现象也是睁一眼闭一眼吗？,staff_service|service_process|queue_wait|platform_transaction,评论核心抱怨团队管理混乱（服务流程与组织衔接问题），领队态度差、言语横（现场人员服务态度问题），因管理混乱导致排队无序和等待（排队等待问题），并提及携程平台对问题的默许（平台交易与履约问题）。,issue_only_v1
BJ20_18__164618068,164618068,BJ20_18,玉渊潭公园,2020-10-03,3.0,体验不佳，因为是单向游览，按照时间进场刚刚错过所谓的灯光秀，然后又要等二十多分钟，其他观众会在后面催促，所以也就跟着人群向前走，只是带着孩子体验一次所谓的雾和雨，然后就是一次微信扫描二维码拍照留念，再回头时工作人员已经禁止回游，所以体验非常差，感觉性价比太低，被骗了一样！景色一般，设计了好多大大小小的灯，没感觉有啥出众的地方！可玩性低，或者说没有什么可玩的，带着孩子去的体验一下灯光下的一场雨还时间很短！还排队，只能玩一次！工作人员在傍边看着！玩的也不痛快！性价比低，根据我的描述换位思考一下您觉得应该是多少钱呢？我的描述没有一丝一毫相差的地方！,queue_wait|crowding|service_process|ticket_price,评论明确抱怨了排队等待（'还排队'）、人群拥挤催促（'其他观众会在后面催促'）、单向游览流程设计不合理导致错过项目且无法返回（'单向游览'、'禁止回游'），以及多次强调性价比低、感觉被骗（'性价比太低'、'性价比低'）。,issue_only_v1
BJ20_06__204959021,204959021,BJ20_06,明十三陵,2025-02-26,1.0,世界文化遗产，也不知道联合国拨的钱都用到哪去了，等着2030年被除名吧。这么大门票这么贵的5A级景区，连个景交车都没有，全靠黑车（淡季160）。联票实在没必要，神路就几个石像，气他陵都长得一模一样，把皇帝放那都分不清哪个是自己的，看一个就行了。里面没什么东西，复制品都没几个，建筑翻新了，一点特色都没有，地宫像个没装修的地铁站，文物（还是复制的）屈指可数，棺椁新得像刚从家具市场买回来的，红油漆锃光发亮。 总之就是啥都没有，想看文物区国博，想看地宫去兵马俑、陕西乾陵。,ticket_price|traffic_access|facility_hygiene|crowding,评论抱怨门票贵且性价比低（联票没必要、内容少）、交通不便（没有景交车、黑车问题）、设施和环境问题（地宫像没装修、文物复制品少且新）、以及隐含的拥挤问题（陵墓相似、看一个就行），但未涉及服务态度、流程、预约、平台交易等具体治理问题。,issue_only_v1
BJ20_05__234233477,234233477,BJ20_05,恭王府,2025-11-23,4.0,"豪宅很大,看得很开心。有水特色的花园也是一个亮点。一些文物和显示器很有趣。并非所有的项目都被翻译成英语,所以只读英语的游客除了观光之外可能会发现它不那么有趣。那里有很多旅游团,所以室内显示器可能会非常拥挤。地铁的入口可能会令人困惑,这取决于您使用的gps应用程序。我们访问期间有很多粪便气味,不确定是否由于天气和风特别糟糕,但如果您特别敏感,请准备口罩。一些展品/礼品店似乎与主题松散有关,但还可以。对于门票价格,这是值得的半天体验。",crowding|traffic_access|facility_hygiene|commercialization,评论提到室内显示器因旅游团多而非常拥挤（crowding）；地铁入口可能令人困惑（traffic_access）；访问期间有很多粪便气味（facility_hygiene）；一些展品/礼品店与主题松散相关（commercialization）。其他如翻译问题、门票性价比等未构成明确抱怨或治理问题。,issue_only_v1
BJ20_20__160419588,160419588,BJ20_20,奥林匹克塔,2019-08-17,1.0,史上最坑景点之一，安检那几个保安更是把看家狗本领做到极致，素质低态度差，简直能用穷凶极恶来形容，不让带水和实物，让游客开包后自己把手伸进去一顿乱翻，拿不出任何规定，任意决定不能带这个，不能带那个，问为什么，给来一句，我现在告诉你不能带，塔上只有一家卖水的地方，四块钱的果汁源卖16，下塔后保安还把东西弄丢了，懒得理论，真怀疑是个私人开发的景点！！！,staff_service|service_process|ticket_price|facility_hygiene,核心抱怨包括：1. 保安态度差、素质低（staff_service）。2. 安检流程混乱、随意翻包、规定不明（service_process）。3. 塔上商品价格过高（ticket_price）。4. 下塔后物品丢失，涉及管理问题（facility_hygiene）。,issue_only_v1
BJ20_09__208906958,208906958,BJ20_09,居庸关长城,2025-04-16,4.0,上次来是2000年吧，25年了，即使在北京工作了10年，也没时间再访。依稀记得那是十一，还是个孩子的我跟着爸爸妈妈从沈阳来。站在关城上，看着万里长城第一雄关。 这次已经是定居北京，跟着孩子幼儿园的研学团，其实我是悄悄来的，带着孩子的姥姥姥爷，不放心孩子，暗中保护。景色真的壮丽！ 但是，景区两个点有待改进。 第一：景区几个停车场到检票处指引不清晰，尤其是三号停车场，西侧停车根本找不到进口。其中一个保安再我问路时态度非常差，而且错误指引，让我从三号出，再进入2号，额外收了一次停车费。气不过，在检票口投诉了，正好遇到管理人员，感谢管理处的两位工作人员，帮我免除了额外收费，并且安抚我和家人情绪。 第二：文创产品毫无特色，就是纯纯坑老外。你找不到一个冰箱贴或者小玩意写着居庸关，你找不到任何和天下第一雄关有关的东西。一个笔记本150块，一个漆器盘子3000块。老外多，你也不能这么坑，在这里景区是有责任的 就这么多吧，值得来，八达岭，居庸关，慕田峪，黄花城，各有特色，值得领略这大好河山,traffic_access|staff_service|commercialization,第一点抱怨停车场指引不清晰导致额外收费，属于交通到达与停车问题；其中保安态度差且错误指引，属于现场人员服务态度问题。第二点抱怨文创产品无特色且价格高，属于商业化与消费干扰问题。,issue_only_v1
BJ20_01__665957083,665957083,BJ20_01,故宫博物院,2026-04-01,3.0,"承认,等待了更多。改变旅游计划不错。在前两个场地,在外宫,差不多一个小时,内心最有趣。结果,金库和博物馆的钟表平凡地没有时间。开始赶走,导游无情,半人都走了,我们几乎没有住,送号码,不多,不过如果是第二回合(我们一小时来)就很容易解释,几分钟,看着脚下!在桥头第一部分没有座位,会有一秒钟的。准备好迎接人群(我们还说是的,一般,不是很多人,我们是星期三!)从村落到1.3 m可以!人们带着食物拖船。一大群人穿着西装。很多车和小孩,他们在那里很无聊。在里面买东西不容易,哪里都不。简历-点名-是的,可以去。学习有趣的东西,新的东西是有争议的。享受几乎没有。",queue_wait|crowding|guide_explanation,评论明确提到等待时间长（差不多一个小时）、人群拥挤（准备好迎接人群）、以及导游无情赶走导致讲解体验差。,issue_only_v1
BJ20_15__176336762,176336762,BJ20_15,中国科学技术馆,2023-06-19,4.0,本来希望孩子能有专业的人带队，体验更多的，，特意买的499的套餐。结果，早上集合时间带队的迟到，这就算了。六个孩子年龄差距挺大的，有些游戏一米五一下不能体验，然后领队的老师就只顾那几个最多六七岁的孩子。我们的孩子中间有很长时间空挡，很多没看没体验的，4点结束的团，3点35左右孩子就打电话说老师让在里面等着准备出来了。最令人生气的是孩子们说很多项目没有预约体验不了。而且他们没有规划好时间，太空舱这个大项目竟然没进去参观。更别说讲解了。这是我进去前问过老师会体验到的项目。真的太坑了。没打最低分是因为孩子说带队的男挺幽默的。,staff_service|service_process|guide_explanation,评论核心抱怨了带队老师迟到、只照顾部分孩子、时间安排不当导致项目未体验，属于服务态度和组织流程问题；同时明确提到项目没有讲解，涉及讲解质量。,issue_only_v1
BJ20_07__678039349,678039349,BJ20_07,八达岭长城,2026-04-20,3.0,没去之前网上查的攻略说一定要坐缆车不要坐索道，结果的真实体验是：从停车场去坐短驳车，我问工作人员说我们是去坐缆车的，他们的回复是就是这里坐车，到了长城入口，又是排队，排队显示的是索道排队入口，然后又问工作人员，说我们是要去坐缆车的，工作人员的回复说是一样的都在这里排队，然后排了一个半小时的队，结果坐的是空中索道，然后就是人山人海，所以奉劝各位去坐缆车的驴友一定要很执着地问清楚说是要去坐地面缆车的，不要再像我一样稀里糊涂的上当了，也觉得工作人员有点揣着明白装糊涂的意思，所以此次去长城的体验感比较差,staff_service|queue_wait|crowding,评论明确抱怨工作人员在指引时态度敷衍、信息不准确（揣着明白装糊涂），属于服务态度问题；排队一个半小时属于等待时间过长；人山人海属于景区内部拥挤。,issue_only_v1
BJ20_14__160428711,160428711,BJ20_14,北京天文馆,2019-08-17,1.0,这是一个主要卖讲解的门票套餐，天文馆成人票只需要10块钱，奔着讲解买了，9：30入馆，讲解时间一个半到两个小时，买了A馆12点球幕电影票，结果将近十点半才被安排入场，A馆出来将近11：30，此时排队进B馆的队蛇形拐了三排，根本来不及听讲解再看电影，于是和导游商量给我们调下午的B馆讲解，导游说安排不了让平台退款，结果平台申请退讲解费沟通后被告知商家不同意！同团还有家庭因赶飞机也无法参加正常讲解行程，商家原因造成的行程无法完成却不退款，信用太差！,guide_explanation|queue_wait|platform_transaction,核心抱怨包括：1. 讲解套餐安排导致时间冲突，影响后续电影观看，涉及讲解服务安排问题（guide_explanation）；2. B馆排队过长（queue_wait）；3. 平台退款被商家拒绝，涉及第三方平台履约纠纷（platform_transaction）。,issue_only_v1
BJ20_06__206869125,206869125,BJ20_06,明十三陵,2025-03-24,3.0,联票的四个点离得很远，没有官方景交车，公交不方便。会有拉客的黑车司机，把你带到每个点去，最后送到回城的地铁站。我去的时候是淡季，两个人要价160，我砍到100了。票价本来就贵，还要花钱租黑车。 其实没什么看的，里面文物不多，大部分都是仿品，真品可能被市区的博物馆拿走了。地宫像个荒废的地铁站，什么都没有，仿品棺椁的红油漆锃光发亮，一点看不出是文物，像家具城刚买来的。不值得大老远跑去，真想看就看定陵一个就行了，都一样，没什么差别。,traffic_access|commercialization|ticket_price,评论核心抱怨点包括：1. 景点分散且缺乏官方交通，公交不便，有黑车拉客（交通到达与商业化干扰）；2. 票价贵且需额外花费租黑车（价格与性价比）；3. 商业化干扰体现在黑车司机拉客行为。未明确涉及服务态度、流程、排队、拥挤、设施卫生、平台交易等问题。,issue_only_v1
BJ20_01__646676752,646676752,BJ20_01,故宫博物院,2026-02-25,2.0,导游不回消息，不接电话，告诉我们的讲解位置也是错误的，在讲解时间开始后仍然联系不上导游，在故宫午门和太和殿之间到处找导游，多次给客服打电话后才给我们说明导游在哪里，安排12:30的场次12:50才找到导游汇合，前面的内容都没有听到。 讲解过程中，耳机全程都有信号不好，声音卡顿的问题，游览体验很差。而且，购买的票上写着“讲解-含门票-珍宝馆”，但实际讲解过程中并未讲解珍宝馆，这在购买时根本没有说明，完全是欺诈消费者的行为。,guide_explanation|staff_service|platform_transaction,评论明确抱怨导游失联、信息错误导致等待和错过内容（staff_service），讲解过程中耳机信号差、声音卡顿（guide_explanation），以及平台购买的票包含珍宝馆讲解但实际未提供，涉嫌欺诈（platform_transaction）。,issue_only_v1
BJ20_17__181676404,181676404,BJ20_17,北京动物园,2024-05-02,1.0,排了3个小时的队，人挤人的景区连个管理秩序的工作人员都没，好不容易进去了，工作人员告知大熊猫睡觉了，排队3小时，进去5分钟就从景区出来了，从来没有逛过这么**的动物园，最最最最让人气愤的是景区门口的保安大爷，那叫一个牛*啊，问一下出口在哪里，大爷像吃了2吨炸药一样，说这里不是你这种人过的，是别人过的，**叨叨了一大堆，那真叫一个厉害， 景区动物少，但是之前服务要做好，这个景区真是服务没服务，动物没动物，超级**的体验,queue_wait|crowding|staff_service,评论明确抱怨排队3小时（queue_wait）、景区人挤人（crowding）、保安态度恶劣（staff_service）。,issue_only_v1
BJ20_14__158603599,158603599,BJ20_14,北京天文馆,2019-05-01,1.0,总的来说，体验极差。讲解内容针对小孩子，却对成人收更高的票价。我要freestyle了预警一下，你说你讲给小孩子就算了，主要讲的很差，真的很差，我听了不到5min就摘下耳机自己去逛了，讲真的，在售票区买张半价学生票，一逛逛一天舒服多了好吗，管内附有很多讲解，不用她导览也ok。逛到一半call我出来把耳机还给她，及其影响心情。导游办事能力差拖沓态度又不好，硬拖后了四十分钟才进馆。总之就是很生气，非常不满意。,guide_explanation|ticket_price|staff_service,核心抱怨包括：1. 讲解内容针对小孩且质量差（guide_explanation）；2. 对成人收取更高票价（ticket_price）；3. 导游办事能力差、拖沓、态度不好（staff_service）。,issue_only_v1
BJ20_08__637446034,637446034,BJ20_08,慕田峪长城,2026-02-08,4.0,"这是一次典型的有导游的巴士之旅,导游很友好,很有礼貌。一切都很顺利,她甚至帮我拿到了入门卡。但我不喜欢的是:1)在正门区域的时间非常有限(我们的导游很快就走过了所有的商店和景点,所以我们不得不匆忙);2)很多促销活动,试图将自己的门票出售到隔离墙的不同部分;3)出发前等待时间很长。总的来说,体验很好,我特别喜欢沿着长城自由行走简直难以置信!服务可以更好:)",guide_explanation|commercialization|queue_wait,评论明确抱怨导游节奏过快导致游览时间有限（讲解与导览质量问题），存在大量促销和售票活动（商业化干扰），以及出发前等待时间长（排队等待问题）。,issue_only_v1
BJ20_13__167187599,167187599,BJ20_13,首都博物馆,2021-07-17,1.0,定了大咖讲解，收到短信里没有注意事项，没有联系电话，只给一个集合地点。 经常排队将近20分钟，规定时间内到达，找不到我的名字，问了3个讲解员，安排我跟着一个人数稍少的队伍一起听。 讲解的很有趣，学习到很多知识，景色趣味的五星好评是给讲解员的。 总体和性价比的差评是给商家的，花了大咖的钱，参加的普通团，连个沟通电话都没有，也不提前电话沟通。,staff_service|service_process|reservation_entry,评论明确抱怨：1. 短信无注意事项和联系电话，导致无法提前沟通（reservation_entry）；2. 到达后找不到名字，问了多个讲解员才被安排（service_process）；3. 商家未提供沟通电话、未提前联系，服务组织差（staff_service）。,issue_only_v1
BJ20_05__231175316,231175316,BJ20_05,恭王府,2025-11-01,2.0,"周末白天超级拥挤。如果你是外国人,你的护照或应用程序中的 QR 意味着入口没有任何意义你仍然需要排队到售票处,才能获得一张实际的纸质机票,然后又排队等候票务检查。不会说花了很多时间,但预订前有什么意义?总的来说,另一座宫殿,有另外数量的池塘,过度拥挤的曲线桥,小寺庙和庭院等。如果你已经去过故宫,或者,比如,在上海的豫园,选择另一个景点。",crowding|reservation_entry|queue_wait,评论明确抱怨周末白天超级拥挤（crowding）；外国人使用护照或二维码仍需排队到售票处换取纸质票并再次排队检票，涉及预约入园与核验规则问题（reservation_entry）以及由此产生的排队等待（queue_wait）。,issue_only_v1
BJ20_11__208185552,208185552,BJ20_11,潭柘寺,2025-04-06,3.0,人山人海。停车场排大队，山下就开始算计游客，给指到错误的道路一发不可收拾。景区可以分流，但是咱不能坑游客。分流走了半个多小时山路，绕道后面还是没有停车场。还是等了一个小时。前面停车场那么大有必要这么折腾吗。寺庙拜佛求什么的都有，还有求摸鱼的，拜龙王摸鱼的人比拜佛祖的都多。也不安排指导，路都堵死。,traffic_access|crowding|service_process,评论核心抱怨包括：1. '停车场排大队'、'绕道后面还是没有停车场'、'等了一个小时'，涉及交通到达与停车问题（traffic_access）。2. '人山人海'、'路都堵死'，描述景区内部拥挤（crowding）。3. '山下就开始算计游客，给指到错误的道路'、'分流走了半个多小时山路'、'也不安排指导'，反映服务流程与组织衔接混乱（service_process）。,issue_only_v1
BJ20_05__234732100,234732100,BJ20_05,恭王府,2025-11-26,1.0,推轮椅的朋友们不要来 全程需要过门槛 至少要七八个门槛才能走到后花园。这还不算你要各个房间的情况 后花园也只能到水边看看 剩下的推不过去。但是！ 你出来的时候一个门槛没有。就不能把出口也开放成入口嘛？除了看看王府布局 剩下的就都是架设手机讲稗闻野史的主播。气氛就像到了菜市场 远没有十年前安静惬意,facility_hygiene|commercialization|crowding,评论核心抱怨包括：1. 全程多个门槛阻碍轮椅通行，属于配套设施无障碍设计问题（facility_hygiene）；2. 景区内大量主播用手机讲稗闻野史，气氛像菜市场，属于商业化和消费干扰（commercialization）；3. 整体氛围嘈杂拥挤，与十年前安静惬意对比，隐含人流压力（crowding）。未涉及服务态度、流程、预约、价格等其它治理问题。,issue_only_v1
BJ20_01__668460388,668460388,BJ20_01,故宫博物院,2026-04-05,1.0,故宫深度讲解服务差评 本次故宫小团散拼深度讲解服务体验极差，仅导游服务有可圈可点之处，整体行程安排完全不合理，严重影响游览体验。 导游的责任心值得肯定，出行前一晚就主动联系，清晰告知了集合点、集合路线和注意事项，这是本次行程唯一的亮点。 但行程安排的问题完全盖过了优点：因拼团的一家人迟到，导游在约定集合时间后，让所有准时到达的团友在金水桥附近等待近50分钟。期间导游虽进行讲解，但仅午门历史、太和门广场就耗时50分钟，完全打乱了原定2-3小时、包含珍宝馆+钟表馆的行程节奏。 为了等迟到的一家人，牺牲所有准时团友的游览时间，压缩后续核心展馆的参观时长，这种安排极其不合理，完全没有考虑守时游客的权益。 原本期待的深度讲解变成了拖沓的等待，核心展馆游览时间被严重挤压，本次服务完全不符合预期，不推荐购买。,guide_explanation|service_process,评论核心抱怨讲解服务节奏拖沓（午门历史、太和门广场耗时50分钟）导致行程安排不合理，以及因拼团成员迟到导致整体行程组织衔接混乱、时间被压缩。,issue_only_v1
BJ20_07__242776598,242776598,BJ20_07,八达岭长城,2026-01-03,4.0,"这是一个美丽的旅游胜地。城堡墙和塔楼创造了一种令人难忘的氛围。但这个地方有许多重大的缺点:游客群、线排队、一些墙壁的部分有的倾,很难在这些地方移动。 优点:基础设施,可以乘电车和公共汽车到达。如果你想步行很远,可以乘877巴士到南出口,然后沿着墙走到北边,那里有索路。如果你在两端都买了子票,你需要北入口。你可以乘电车或乘坐小巴(先是919巴士,然后是小巴),但那条路线更长。车票价35元(小孩18岁及60岁以下免费),两端140元,一端100元。车开到16点。最后一班877公交车和坐车在16点30分开出。如果你想吃点东西,有很多咖啡馆,但从子上走到底部,经过车站等候围栏,然后向左。",crowding|queue_wait,评论明确提到游客群（拥挤）和线排队（排队等待）是重大缺点，属于核心抱怨。,issue_only_v1
BJ20_05__644924204,644924204,BJ20_05,恭王府,2026-02-22,1.0,第一次见到主动挑起事端的导游，在恭王府牡丹园排队通过时，随口抱怨了句前面的人怎么都不动啊，这时在我身后不知道哪个团队的名叫同心同什么的导游大声说，“大过年的少巴巴两句吧！”过去找她理论，关她什么事，她还言语犀利的和我大吵，后来我就报了警，她还在旁边说“报警就报警，谁怕谁啊”！我拿出手机要拍她的队旗，她还笑着拿出来展示说拍吧随便拍，气焰十分嚣张。然后我的父母及公公婆婆和她理论，她也是对待老人态度蛮横继续吵，丝毫没有顾及。作为导游，难道不是应该主动维持公共秩序吗？还主动挑起事端，导游是一个城市的名片，作为来自外地来北京的游客，这个印象太差了，对恭王府对于导游的把关抱很大的怀疑,staff_service|guide_explanation,评论核心抱怨导游主动挑起事端、态度蛮横、言语犀利争吵，涉及服务态度问题（staff_service）；同时质疑导游未履行维持秩序等职责，隐含对导游职业行为的不满，属于讲解导览相关服务质量问题（guide_explanation）。,issue_only_v1
BJ20_11__638796103,638796103,BJ20_11,潭柘寺,2026-02-10,1.0,冲着“西晋建寺，先有潭柘寺，后有北京城”这些标签去的，第一次去晚了一点没有进去成，过了几天又从市区过去，总算是掉进了坑里。门票50，比雍和宫贵了一倍，不知道哪里来的底气。商业化严重，各大殿基本是近现代仿古建筑，连佛像都粗制滥造，缺乏恭敬心。收取高价门票，却不能维持道场的庄严，敢问是如何做到无惭无愧？这个寺庙的运营，真正印证了佛经所描述的末法乱相，“魔子魔孙着我袈裟，欺逛白衣”。更滑稽的是排队摸石鱼，摸了去疾消灾，还推出相关文创产品。佛教道场不宣扬正法，反而散布鼓动这种邪见牟利，可以说早把弘法济世，度己度人忘得一干二净了。只能说，这个地方网络营销很成功。,ticket_price|commercialization,核心抱怨是门票价格高且性价比低（与雍和宫对比），以及商业化严重（仿古建筑、粗制滥造、推出文创产品牟利），干扰了道场的庄严和游览体验。,issue_only_v1
BJ20_08__644811658,644811658,BJ20_08,慕田峪长城,2026-02-22,2.0,"导游很有用和,但是这次的游览真的很不,浪费了很大的完全无用的时间,我选择了第一时间就不见群众,时间段7/8,我约了7点:50,实际起程,8:30,到达11号到达第13:15号,所以如果你想早点到达,那不是正确的游行,而且只包括西部和非东部的下游/上游,和你在巴士上所指示的(他们会尽量看到任何东西)不难走到墙边,这也不像他们所说的那样多的路,我说,最好到那里去乘出租车,然后付出一个登上和下落的路径,取决于你想去哪里,比购买2个入口更好,更明智。还有,有人问你是否想参加一个自助餐,因为这一切都很贵,但在相关的事上,还有一切,甚至B.King",guide_explanation|service_process,评论抱怨导游讲解内容与实际不符（‘和你在巴士上所指示的’），并指出行程时间安排不合理、实际游览区域与宣传不符，属于服务流程与组织衔接问题。,issue_only_v1
BJ20_02__220591218,220591218,BJ20_02,颐和园,2025-08-16,1.0,体验感很差！我们从威海到北京，由于威海飞机晚点了，到了就来不及了，然后我打电话给客服，让客服把时间给我推迟点，客服说不行，下午只有一趟！然后我说那我退款！我从新拍，客户说退款一分钱也退不到！我说协商一下，少退点也行！我们到了再买票！客服还是不行，还是说退款百分之百扣完！然后我又说那等我们10-15分钟也行！我们尽量赶到！客服还是说不行！（协商是让携程客服帮我们协商的）一点用都没！咋个说都是不行！最后说让我们到了跑去找导游！！！我们下飞机马上打车急冲冲的去找导游！总结：只有那么狼狈了！首都是我们向往的地方！结果来了体验感如此之差！！！,platform_transaction|staff_service,核心抱怨是携程平台客服在票务改期、退款协商上态度强硬、不灵活，导致用户损失和狼狈赶路，涉及平台履约问题和客服服务态度。,issue_only_v1
BJ20_08__635779138,635779138,BJ20_08,慕田峪长城,2026-02-05,1.0,"Trip.com上的班车服务有点骗局,他们试图在买两条索道的往返票时卖给你,他们描述有必要看到墙的东面和西面。然而,双方完全相连,索道目的地彼此非常接近。在两者上购买往返是没有意义的,所以他们误导你花费两倍的钱。如果您在这里购买全包票,那就是您支付的定价过高。如果您只购买班车票,他们仍然会试图说服您购买往返的索道往返。当另一对公共汽车问他们是否可以先购买西侧,然后购买东侧,如果他们有时间和精力,他们被告知需要决定。这是个谎言,因为现场有一个售票亭,大概是这么说的,所以他们不会发现两者都是什么。我强烈建议在其他地方寻找更诚实的服务。",platform_transaction|ticket_price,评论核心抱怨Trip.com平台在销售班车和索道票时存在误导性描述和捆绑销售，导致花费过高，涉及第三方平台履约问题和价格/性价比问题。,issue_only_v1
BJ20_02__210499486,210499486,BJ20_02,颐和园,2025-05-04,1.0,给我恶心到了🤢 携程上买了5月2号的2张门票，排队排了好久，好不容易才到了检票口，检票的工作人员给我刷身份证说票已经退了进不去，我明明没有退票，却进不去。我很无奈，又在线下的景区门口又买了两张门票才进去了 我越想越气 我立马联系客服，颐和园景区还专门给我打电话了：说你直接联系携程客服，商家同意退款 我又联系携程客服 携程客服当时答应我5月2日晚上8点前退款到位 昨天5月3日，我看钱还没退款到位 我又联系客服 客服又说今天给我答复 到现在也没给我退款 不知道还会不会往后推，也不知道会不会退款,platform_transaction|queue_wait,核心问题是携程平台购票后出现退款纠纷和履约延迟（平台承诺退款未到账），以及因此导致的现场排队等待时间浪费。,issue_only_v1
BJ20_16__179652533,179652533,BJ20_16,香山公园,2023-11-04,1.0,一个不去后悔，去了更后悔的景点。距离景区4公里，路上就到处乱停车，交通堵塞。**在路边看热闹，**也不深入到堵塞的区段，只站在路口。尤其那个转盘赌的是一塌糊度。到处都显示停车场已满。可我们路过买卖街7号，8号停车场的时候，里面起码空置着三分之一的场地。再说下午四点出景区大门后的，公交车站，地铁站，人山人海，所有**，**都在马路牙子上看，没有一个**走到堵塞的中央指挥交通，我就没见过这么差的景区。里面也没什么景色可谈，偶见一个亭子，一个破水塘，仅此而已。,traffic_access|crowding,核心抱怨是交通堵塞、乱停车、停车场信息不实导致的到达困难，以及出景区后公交地铁站人山人海的拥挤问题。,issue_only_v1
BJ20_17__184025766,184025766,BJ20_17,北京动物园,2024-06-23,3.0,1.票价非常便宜，环境非常好，工作人员非常热情； 2.动物园有年代了，看着非常有底蕴。但是空调特别差，特别热，夏天还是不要来了； 3.北动的熊猫已经部分实现上班自由了，都是明星了，萌兰没看到（排队排了一半，收工了），其他好几个馆里都空着，或者出来亮相一下，又回去了，喂食活动也不如其他动物的有意思，馆内空调非常差，非常热，看到的熊猫表现远没有视频里表现的好，也没有之前去的其他动物园的熊猫活泼。只能说，精华都在网上，不在现场。,queue_wait|facility_hygiene,评论明确抱怨了排队看熊猫但中途收工（排队等待问题），以及馆内空调非常差、非常热（配套设施问题）。其他内容如票价便宜、环境好、工作人员热情为正面描述，熊猫行为不如预期属于体验落差而非明确的治理问题。,issue_only_v1
BJ20_15__177481690,177481690,BJ20_15,中国科学技术馆,2023-07-06,3.0,除了携程以外都很好。科技馆很好，本地的领队讲得也很好，但是携程没给孩子买票，大人能进，孩子进不去，我手机的电量从92%一直打到17%，给携程的客服打了好多电话，他们总是解决不了，一味的拖沓，9点半就在大厅讲解了，进主展厅就是进不去，直到11：05，大人先进去，然后趁保安不注意，孩子从栏杆底下钻进去，差点被逮到。这个票是实名认证的，我实名认证了两张票，孩子都进不去。大家慎用慎买，为了防止万一进不去，最好去公众号买。,platform_transaction|queue_wait,核心抱怨是携程平台未成功为孩子购票导致无法入园，属于平台履约问题；同时因处理此事导致长时间等待（9:30到11:05），涉及等待时间过长。,issue_only_v1
BJ20_14__222302648,222302648,BJ20_14,北京天文馆,2025-08-29,1.0,怎么说呢！儿子是对天文较有兴趣的，但被这个人讲的都要讲困了！讲了半个小时候之后，这个讲解员身边没有一个小朋友了，都跑着去玩了 ！就剩几个大人傻傻在那里戳着一言不发！比对旁边有一个年纪较大的男讲解员声色并茂，小朋友们都被调动积极性！说实话我是想让孩子参加这种调动，互动，能让孩子投入其中，我感觉这半天过的很垃圾，简直是浪费时间！如果携程真的要提高服务，请把这点费用退我！用携程N年了，从来没体验感那么差过！,guide_explanation|platform_transaction,核心抱怨是讲解员讲解枯燥，导致孩子失去兴趣，属于讲解质量问题；同时要求携程退款，涉及第三方平台交易与履约问题。,issue_only_v1
BJ20_10__164281453,164281453,BJ20_10,司马台长城,2020-08-29,1.0,这个套票非常坑 非常不便。古北水镇我们是上午就去了，原计划中午带着孩子回民宿吃饭休息，晚间再来夜游长城。但是没想到，出门的时候告知我们出去了晚上就不能再进去长城夜游了，第一次来这个地方根本不知道长城的入口需要经过水镇才能到，问长城还有没有什么其他的入口。也是说没有。带着两岁多的孩子也不能从中午一直呆着水镇里等一下午，就这么白白浪费140块了，六个人840元。呵呵 长城也没看到，产品描述根本不清晰,reservation_entry|ticket_price,核心抱怨是套票规则不清晰导致无法按计划入园（入口需经水镇且出门后夜游票失效），以及因此造成的金钱浪费和性价比问题。,issue_only_v1
BJ20_08__241582161,241582161,BJ20_08,慕田峪长城,2025-12-27,4.0,"预订方便,去东门站有集合点。早点到达,可以去吃早餐,在MC Donald等。 在返回途中,在王府井路附近的车站下车。 预订缆车和坐Toboggan下车,非常有趣,不吓人,每腿30元拍照费,可以买或买。 减分的缺点是,当您下楼时,您应该在比这家餐厅多等,在前面有一个熊猫的商店里等待。在一家商店开放就像强迫吃饭+浴室,在下面战斗,那里有很多商店我也不能(当然,卖很多的点不停=往返途中没看到什么东西)",crowding|commercialization,评论抱怨下楼时需要在特定商店等待，商店开放像强迫吃饭和使用浴室，且下面有很多商店，这反映了景区内部人流拥挤（战斗）和商业化消费干扰（强迫感、商店多）的问题。,issue_only_v1
BJ20_10__178263385,178263385,BJ20_10,司马台长城,2023-08-12,4.0,夜游这个项目是极好的，但限制也多，长城上的工作人员大呼小叫，一会儿不能上去了，一会儿把人往下面赶，我觉得出于流程规则和安全考虑是可以的，但是否可以好好说，我们是来参观，不说来团队游的被导游说教的 人太多了，景色是真的独一无二，特别是夜幕降临时。 老人小孩都有，小孩太吵闹，这种项目不知道为什么这么多人带小孩来，很多地方还是很陡峭的，亲眼看到一个小孩在悬崖边奔跑，摔了就是景区责任。,staff_service|crowding,评论明确抱怨工作人员‘大呼小叫’、‘把人往下面赶’，属于服务态度问题；同时提到‘人太多了’，并具体描述了小孩吵闹、拥挤带来的体验干扰，属于景区内部人流拥挤问题。,issue_only_v1
BJ20_14__161281999,161281999,BJ20_14,北京天文馆,2019-10-03,3.0,天文馆分为AB展馆，展馆本身的门票只需要***钱。AB展馆之内分别有四个可以观看电影的场所，如果买了电影票，展馆的门票都可以免费。一般去天文馆，起码要看一场***吧。所以。此链接所出售的所谓门票，其实说到底是导游服务。如果你的孩子还没上小学，根本听不懂讲解。不建议购买。如果你是天文爱好者，可以听一听。描述的9:30入场根本不可能。集合到所有人去排队已经9:50。有点浪费时间。,guide_explanation|service_process,评论核心抱怨点：1. 讲解服务对孩子不适用（‘根本听不懂讲解’），涉及讲解内容与受众匹配问题，属于讲解质量范畴。2. 集合组织导致实际入场时间远晚于描述时间（‘描述的9:30入场根本不可能。集合到所有人去排队已经9:50’），属于服务流程与组织衔接问题。,issue_only_v1
BJ20_01__666517006,666517006,BJ20_01,故宫博物院,2026-04-02,1.0,",我不知道。我对博物馆旅游不太感兴趣,但是禁区很失望。看起来很可爱,但从附近山上看就够了。建筑是单一的,只是看着一样(虽然尺寸令人印象深刻)。也许如果一个人走在那儿,如果导游告诉文化,你就能透。但那里的SHO POC的人群。这一般是,我甚至不是在季节,也不是高峰时,从人群的数量上,假期里发生什么事。总的来说,如果你和我一样,从人群中到抑郁,我不会推荐的。在排队可以腐的🥲",crowding|queue_wait,评论核心抱怨景区内部人群过多（SHO POC的人群，从人群中到抑郁），并提及排队体验差（在排队可以腐的），属于拥挤度和排队等待问题。,issue_only_v1
BJ20_07__236480245,236480245,BJ20_07,八达岭长城,2025-12-05,4.0,"很拥挤但可以忍受。长城值得一去,没有其他评论。我只想当心大家:乘火车返回时,你应该在出发前12分钟进入车站!!如果你迟到了,直接去车站入口后面的收银员,换下一班火车的票。你也应该考虑工作人员非常慢,几乎粗鲁,所以做好准备。还有一件事:你不能购买或更改不到20分钟出发的火车票,八达岭火车站每分钟都有。(我们这次旅行去过10个以上城市,这种规则只在八达岭,我猜北京)。",crowding|staff_service,评论明确提到‘很拥挤’（crowding），以及‘工作人员非常慢，几乎粗鲁’（staff_service）。关于火车票规则和换票流程的描述属于信息分享和提醒，并非对景区预约入园规则（reservation_entry）或服务流程（service_process）本身的抱怨。,issue_only_v1
BJ20_19__179413280,179413280,BJ20_19,国家游泳中心,2023-10-15,3.0,感觉不配一个国家级的场馆，为了搞什么狗屁CF总决赛（与水上运动无关），买了门票居然不让进，让改天再来，老汉非常气愤，据理力争，总算进了门，但只在旁边看了一下，没让进主场馆，接待我们的小伙子还是不错的，给我们介绍了水立方的情况，特别是为我家的小朋友介绍了水立方变冰立方的奥秘，非常感谢。但对于水立方的领导还是要诅咒的，以后别再为了挣钱这样坑害游客了，否则，不得善终！,reservation_entry|staff_service,核心抱怨是购票后因举办无关活动被拒绝入场，涉及入园规则问题；同时表达了对管理决策的强烈不满，隐含对现场人员（或管理层）服务态度和处理方式的指责。,issue_only_v1
BJ20_09__163377921,163377921,BJ20_09,居庸关长城,2020-05-05,3.0,景区门口介绍的不明确，我们车停在3号停车场，被引导到最前面的进口，但因家人体力问题，看了这侧的长城景点后，感觉很累…，就出了这侧景区…，但回来路上，问景区工作人员，才得知，景区需要从我们进去的口，在长城上转一大圈，转到云台停车场这侧，才能看这边的长城景点…，出来后，就不能二次进入回停车场附近看到的景点了！而且没有看到有明显的明确介绍！这太不合理了！！！！！！,service_process|staff_service,核心抱怨是景区入口引导和游览路线说明不明确，导致游客因体力问题提前出景区后无法二次进入，这属于服务流程与组织衔接问题（service_process）；同时，游客在过程中询问工作人员才得知规则，暗示了现场人员未能主动提供清晰指引或服务响应不足，涉及现场人员服务态度问题（staff_service）。,issue_only_v1
BJ20_14__177725398,177725398,BJ20_14,北京天文馆,2023-07-24,1.0,不好，我们这组分配的黄导游讲解的太差劲了。这是我体验最差的一次活动。针对小孩子的研学活动应该是趣味性和互动性相结合的，结果导游自顾自地在背书。开始还好几十个小孩子在听，后来在听的小孩越来越少，导游没讲完，小孩已走光了。还有我们进去时，找不到黄导游，打好多电话也不接，让我们瞎逛好久才找到。这是我跟团从未遇见过的，不接电话，留个电话号码是干什么用的,guide_explanation|staff_service,核心抱怨是导游讲解质量差（自顾自背书，导致孩子走光），以及导游不接电话、难以联系的服务态度问题。,issue_only_v1
BJ20_17__187359635,187359635,BJ20_17,北京动物园,2024-07-25,3.0,除了售货机矿泉水良心价，好像是2块一瓶。其他没让我感受到啥，人已经热到发狂了，建议京城各大景收了那么多门票费，投入一点点钱改善下游客的纳凉设施，户外的景点全部让人热晕过去那种，谁还敢去北京，整个自媒体平台都在吐槽北京，国家的首都啊，这些景点管理水平真的很一般，比我们这边县城的景点管理还不如～～～,facility_hygiene|ticket_price,评论核心抱怨是景区缺乏纳凉设施，导致游客在户外热到发狂，属于配套设施问题；同时提到收取高额门票费但投入不足，隐含性价比低的抱怨。,issue_only_v1
BJ20_07__667090971,667090971,BJ20_07,八达岭长城,2026-04-03,1.0,最最最差劲的景区，排了一个多小时的空中缆车，说起风了，缆车关了，就让我们离开，我们又跑到地面缆车排队，又是大排队，真的是无比差劲的一个地方，没那本事就不要卖票，大老远从福建，请假来旅游，结果把时间全浪费在排队上了，还玩什么。排队就要4-5个小时，避雷这个景区去附近的其他长城都比这个垃圾景区好。,queue_wait|service_process,核心抱怨是排队等待时间极长（缆车排队一个多小时，地面缆车又是大排队，总排队时间4-5小时），以及因天气原因关闭缆车后，景区服务流程安排混乱（让游客离开又去排另一个长队），导致体验极差。,issue_only_v1
BJ20_20__189451627,189451627,BJ20_20,奥林匹克塔,2024-08-11,1.0,属于那种来不来无所谓的地儿、上来不容易下去更加难、管理混乱、几乎没有维持秩序的、风景咋说呢、隔断防护是不是可以做的更好、不会影响拍照的位置、毕竟上来干嘛来了、建议想来就直接约上第二天的天安门升旗、这边下楼落地了直接去看升旗。或者你别为了看夜景来，槽点很多、总觉得可以做的更好、目前看相当鸡肋。,service_process|staff_service,评论明确抱怨‘管理混乱、几乎没有维持秩序的’，这属于服务流程与组织衔接问题；‘几乎没有维持秩序的’也隐含了现场人员服务缺失或态度冷漠的问题。,issue_only_v1
BJ20_08__631594216,631594216,BJ20_08,慕田峪长城,2026-01-28,3.0,"注意!从北京到墙的巴士不在这服务!!!!转运是从入口到收银台的最内的一件事!!到墙本身你必须自己到达!!!!我们,我们没有注意到,结果是不得不单独买公交车!!在那一刻,我们非常生气,很不安。事实上,这里的一切可以买到墙上,价格相同,所以我们很生气,很不安。至少有人说,要单独购买到墙本身的旅行",traffic_access|reservation_entry,核心抱怨是交通接驳信息不明确导致额外购票，以及入口到核心景点的转运规则混乱，属于交通到达和入园规则问题。,issue_only_v1
BJ20_08__650691966,650691966,BJ20_08,慕田峪长城,2026-03-04,5.0,春节去的慕田峪长城，给后面去的朋友一点参考。 市区可以直接坐大巴车过来，比较方便。 但是假期过来要坐好堵车的准备，基本就是三个小时起。 假期人比较多，排队时间长。所以缆车不是必须买，徒步上山大概35分钟，路程还好，完全不锻炼的人群上山也觉得挺轻松，因为春节基本上缆车🚡排队时间都是三小时。 长城整体景色很好，山势连绵，建筑壮观，视野开阔，值得一来～毕竟这种全世界独此一家的风景，一辈子一定要来一次，很美(❁´ω`❁)我来的季节其实不算最美 但还是被这个风景感染到了。,traffic_access|queue_wait|crowding,评论明确提到假期交通堵车严重（三个小时起），属于交通到达问题；同时指出假期人多、排队时间长，缆车排队需三小时，涉及排队等待和景区内部拥挤问题。,issue_only_v1
BJ20_08__663966780,663966780,BJ20_08,慕田峪长城,2026-03-29,5.0,"中国大墙地方很棒,种类也很漂亮。但组织有点。不得不单独购买索公路上爬和烟草下的约2000卢布,这相当昂贵。 烟草本身的降落承诺会很有趣,但印象严重破坏了两个女人的正面。 他们不断地车,尽管在中文和英文上挂着牌子:""不要车!""所以我们开车的速度是很慢的,不能正常地分散。考虑到成本,很不好意思。如果不是这样,情感会更强烈。",service_process|ticket_price|staff_service,评论抱怨组织混乱（需单独购买索道票且昂贵），以及工作人员（两名女性）违反规定持续开车，导致体验受损，涉及流程安排、价格问题和现场人员服务行为。,issue_only_v1
BJ20_14__171977848,171977848,BJ20_14,北京天文馆,2022-08-07,1.0,大家不要报这个，一堆骗子，能想到一堆人进门被拦在外面说没有购票，然后被他们带着强行跳栏杆闯门闸的吗，就是我们，讲解非常不专业，孩子听不下去，我们后来自己游了，其实展厅门票只要10块钱，他们收100，几十个孩子挤在一起，大家可以想想是什么体验,guide_explanation|crowding|commercialization,评论明确抱怨讲解不专业（孩子听不下去），景区内人多拥挤（几十个孩子挤在一起），以及存在高价收费、强行闯闸等商业欺诈和干扰行为（收100元但门票仅10元，被带着强行闯门闸）。,issue_only_v1
BJ20_15__176013831,176013831,BJ20_15,中国科学技术馆,2023-06-01,1.0,不是一对一，一个导游带几十个孩子大人，完全听不到讲解，而且1点半准时集合，提前咨询订票工作人员，也没告知必须1.30开始，错过就没有导游服务，白多花了185元，正常官网订票大人30小孩20元，现在多花185元，也没服务，还不退票,guide_explanation|staff_service|ticket_price,核心抱怨包括：1. 导游带团人数过多导致听不到讲解（讲解质量差）；2. 提前咨询工作人员未告知集合时间导致错过服务（服务态度/信息提供问题）；3. 多花了钱但没享受到服务且不退票（价格与性价比问题）。,issue_only_v1
BJ20_15__188286589,188286589,BJ20_15,中国科学技术馆,2024-08-04,1.0,买了这个研学套餐，花500多元就是和黄牛买个门票，巨坑！解说带队走的飞快，大人都跟不上，何况小孩。也没有耳麦，周围都是人说话，根本听不清他说什么，应付草草了事，体验感极差，我待了3分钟果断走人，浪费时间，差评！,guide_explanation|crowding|ticket_price,核心抱怨包括：1. 讲解员带队过快、无耳麦、听不清，属于讲解质量与导览问题；2. 周围人多说话听不清，涉及景区内部拥挤嘈杂；3. 花费500多元被描述为'巨坑'，隐含对价格与性价比的不满。,issue_only_v1
BJ20_02__226916880,226916880,BJ20_02,颐和园,2025-10-03,1.0,说是一点半集合，耳机送不进来，两点半才开始。里面人超多，讲着讲着耳机接触不良根本听不到。到了最后说等着送船票，一会又要排队直接进，那等半个小时也不知为了什么。基本上两个半小时里有一个半小时都在等。,service_process|crowding|guide_explanation,评论核心抱怨集合安排混乱、等待时间过长（服务流程问题）；景区内部人多拥挤；以及讲解设备（耳机）接触不良导致听不清（讲解质量问题）。,issue_only_v1
BJ20_04__205952434,205952434,BJ20_04,景山公园,2025-03-11,5.0,"位于紫禁城的后门,可以从高处眺望紫禁城的全景。参观紫禁城时间结束后,很多人聚集在这里的京山公园,5点30分左右非常拥挤。 入场费是每人2元,非常便宜。在公园内散步也很好,但是如果时间不多的游客,推荐马上登上山顶。(人很多,即使您爬到山顶,也要等很长时间才能在甲板附近拍照) 据说明朝的最后一个皇帝崇正帝自杀的地方就是这里,在可以清楚地看到紫禁城的地方,想想他是什么样的心情,有点寂寞。 日落时分被染成红色的紫禁城的黄色瓷砖令人印象深刻。最好在日落时分参观并移动。",crowding|queue_wait,"评论明确提到‘5点30分左右非常拥挤’和‘人很多,即使您爬到山顶,也要等很长时间才能在甲板附近拍照’，核心抱怨是景区内部人流拥挤以及因人多导致的拍照等待时间过长。",issue_only_v1
BJ20_10__236236666,236236666,BJ20_10,司马台长城,2025-12-04,5.0,"我们买了trip.com票,进入古拜,西马泰墙和电梯只有上去。回头建议自己下车,这不难,加上享受教科文组织遗产清单上列入的中国大墙最真实的部分。从北京乘22巴士从唐吉门站到no.8,第一班9点起飞。公交车价48元,不付钱,只付存卡或卡片,阿里巴斯不接受。 此外,费用是从城市入口到船的索路的转移。你在现场支付QR代码通过阿里巴斯,人均10元。在古比和墙上可以在现场买票,但是在trip.com这将使它更有利。",platform_transaction|traffic_access,"评论提到在Trip.com购票后，进入时可能遇到问题（'进入古拜,西马泰墙和电梯只有上去'，暗示票务或入园环节有障碍），且明确说明公交车不接受现金支付（'公交车价48元,不付钱,只付存卡或卡片,阿里巴斯不接受'），这属于交通支付方式不便，属于交通到达问题。",issue_only_v1
BJ20_20__175766855,175766855,BJ20_20,奥林匹克塔,2023-05-07,5.0,很多人都是这么想的，下午去，连白天和夜景一起看。理想是美好的，现实是骨感的，上面根本没有休息的地方，转角楼梯席地而坐，唯一一个喝咖啡的地方坐满了等待看夜景的人。很多人等到快日落的时候再上去，电梯外面排了巨长的队。 吃饭分不同的餐厅，2号塔，3号塔的餐厅上不了最高的观景台。想在塔上吃饭先查清楚哦。,crowding|facility_hygiene,评论抱怨景区内部人多拥挤（‘坐满了等待看夜景的人’、‘排了巨长的队’），以及配套设施不足（‘根本没有休息的地方’、‘席地而坐’）。,issue_only_v1
BJ20_01__642348638,642348638,BJ20_01,故宫博物院,2026-02-17,4.0,"历史漫真是太棒了,我们买了三角洲的票。令人不快的是,我们没有立即了解英语的入口和语音导游在哪里,但是通过护照检查后,在萨姆市的福音可以以40元的价格购买语音导游,像是你所在的建筑物上闪亮点的播放器,可没有找到冰淋,耳机也在出口,如果你通过耳机的传送,开始像商店一样大声。",guide_explanation|commercialization,评论抱怨语音导游位置不明确、购买流程不便，且出口处商店大声播放造成干扰，涉及讲解导览质量和商业化干扰。,issue_only_v1
BJ20_05__655518305,655518305,BJ20_05,恭王府,2026-03-14,3.0,"这是一个美丽的宫殿,保存得很好,但它很小,非常快变得超级拥挤。在开放之前的8:15到达那里,三个不同的旅行团到达,相当超过这个地方。当你得到它时,最好的建议是直接去花园,然后向后工作到住所,因为旅行团将在住所开始。还有不少卖玉石的店铺,在豪宅里设置的东西,所以有点奇怪。",crowding|commercialization,评论明确抱怨景区内部非常拥挤，旅行团过多导致体验不佳；同时提到有不少卖玉石的店铺设置在豪宅里，属于商业化和消费干扰。,issue_only_v1
BJ20_06__186356724,186356724,BJ20_06,明十三陵,2024-07-14,2.0,"上当了，这个联票毫无意义，买个定陵下去看看就行了，每个陵之间都得有2,3公里。昌平车不能刷支付宝，不带昌的只能刷支付宝。 我之前一直纳闷，为啥旅游团组织去十三陵不多呢，去了一次怪不得。东西东西没有，空有一个名头。全国各地陵墓跑了不少，真的是最没劲的，又远又没东西看。",ticket_price|traffic_access,核心抱怨是联票性价比低（“毫无意义”），以及景区内部交通不便（陵墓间距离远，且交通支付方式混乱）。未明确涉及服务态度、流程、排队、拥挤等具体治理问题。,issue_only_v1
BJ20_15__177400742,177400742,BJ20_15,中国科学技术馆,2023-07-02,1.0,五一期间家里亲戚来玩，孩子就想去科技馆，我还特意提前买了带有讲解互动的团队，没想到啊，一塌糊涂啊，就跟没导游一样啊，前天晚上告诉我可能买不到票，说让我自己退吧，我退了也没有票了呀，你们为了不负责就把责任推出去，太缺德！去了科技馆还差点把人弄丢了，真的是非常差的体验,guide_explanation|platform_transaction,评论明确抱怨讲解互动团队质量差（'就跟没导游一样'），属于讲解质量问题；同时提到平台购票后被告知可能买不到票并被要求自行退票，导致无票可买，属于第三方平台订单与履约问题。,issue_only_v1
